作答ID,用户ID,用户名,开始时间,结束时间,作答时长(秒),作答渠道,发布ID,问卷发布名称,IP,经度,纬度,省份,城市,设备类型,操作系统类型,浏览器类型,随机元素,请问您是行业从业者还是专家学者,请问您所处的专家领域是？,请问您研究的领域是否涉及跨境研究？,请问您在所属研究机构的职称是？,请问您所处的行业是？,请问您所属的公司是否涉及跨境业务？,请问您在企业里的职位是？,﻿﻿﻿﻿﻿﻿﻿﻿﻿﻿请您务必从企业跨境贸易的角度来填写该问卷,请问您认为影响企业整体数据隐私风险的因素有哪些？-平台风险（指企业构建平台的数据保护能力，包括信息系统缺陷、各类硬件设施的存放物理环境规划、网络协议漏洞、平台的隐私安全设置、黑客攻击等）,请问您认为影响企业整体数据隐私风险的因素有哪些？-企业行为（指企业的数据隐私意识、数据隐私管理制度的设定、企业的信息保护行为）,请问您认为影响企业整体数据隐私风险的因素有哪些？-外部威胁（指企业知识产权遭受破坏、企业受到国际数据隐私保护相关政策的影响、企业与外部的隐私保护技术代差、数据跨境传输的安全保障等）,请问您认为影响企业整体数据隐私风险的因素有哪些？-其他,请问您认为影响企业整体数据隐私风险的因素有哪些？-其他-文本,请您根据本单位实际情况或者您的领域知识，为平台风险对企业数据隐私风险的影响力打分。（分数越高，影响力越大）,请您根据本单位实际情况或者您的领域知识，为企业行为对企业数据隐私风险的影响力打分。（分数越高，影响力越大）,请您根据本单位实际情况或者您的领域知识，为外部威胁对企业数据隐私风险的影响力打分。（分数越高，影响力越大）,请您根据本单位实际情况或者您的领域知识，为其他影响因素对企业数据隐私风险的影响力打分。（分数越高，影响力越大）,请您根据平台风险的组成项目排列重要性（排在越前面表示该项目越重要）：①信息系统缺陷 ②网络协议漏洞 ③物理环境缺陷 ④隐私安全设置⑤黑客窃取-①信息系统缺陷 （指计算机、路由器、服务器、操作系统、网络管理软件等，存在人为破坏、老化、电磁辐射、升级漏洞、软件后门等安全风险）,请您根据平台风险的组成项目排列重要性（排在越前面表示该项目越重要）：①信息系统缺陷 ②网络协议漏洞 ③物理环境缺陷 ④隐私安全设置⑤黑客窃取-②网络协议漏洞 （指 TCP/IP 等通信协议的缺陷，以及网络中传输的数据可能被在线窃听、篡改和伪造）,请您根据平台风险的组成项目排列重要性（排在越前面表示该项目越重要）：①信息系统缺陷 ②网络协议漏洞 ③物理环境缺陷 ④隐私安全设置⑤黑客窃取-③物理环境缺陷 （是指平台的各类硬件设施的存放地址不符合规范，容易遭到攻击者物理破坏、窃听）,请您根据平台风险的组成项目排列重要性（排在越前面表示该项目越重要）：①信息系统缺陷 ②网络协议漏洞 ③物理环境缺陷 ④隐私安全设置⑤黑客窃取-④隐私安全设置（指平台提供的各类隐私安全设置，如设置账号密码步骤多、操作繁杂，以及隐私安全声明等）,请您根据平台风险的组成项目排列重要性（排在越前面表示该项目越重要）：①信息系统缺陷 ②网络协议漏洞 ③物理环境缺陷 ④隐私安全设置⑤黑客窃取-⑤黑客窃取（指具有网络技术背景的恶意攻击者在用户不知情的情况下，利用用户疏忽或技术漏洞窃取用户隐私的行为）,请您根据企业行为的组成项目排列重要性（排在越前面表示该项目越重要）：①数据隐私意识 ②数据隐私管理制度 ③信息保护行为疏忽-①数据隐私意识 （指企业整体数据隐私保护意识，包括对国内外数据保护法规措施的了解程度）,请您根据企业行为的组成项目排列重要性（排在越前面表示该项目越重要）：①数据隐私意识 ②数据隐私管理制度 ③信息保护行为疏忽-②数据隐私管理制度 （指企业为数据隐私保护规定的相关制度，包括相关培训，保密协议等）,请您根据企业行为的组成项目排列重要性（排在越前面表示该项目越重要）：①数据隐私意识 ②数据隐私管理制度 ③信息保护行为疏忽-③信息保护行为疏忽（指企业在数据隐私保护中出现的行为疏忽导致信息遗失、泄露等）,请您根据外部威胁的组成项目排列重要性（排在越前面表示该项目越重要）：①知识产权破坏 ②政策影响 ③隐私保护技术代差 ④数据跨境传输保护-①知识产权破坏（指外部行为对企业知识产权构成的威胁、破坏）,请您根据外部威胁的组成项目排列重要性（排在越前面表示该项目越重要）：①知识产权破坏 ②政策影响 ③隐私保护技术代差 ④数据跨境传输保护-②政策影响 （指本国或者国外数据隐私保护政策对企业的数据隐隐私保护行为构成的约束、阻碍）,请您根据外部威胁的组成项目排列重要性（排在越前面表示该项目越重要）：①知识产权破坏 ②政策影响 ③隐私保护技术代差 ④数据跨境传输保护-③隐私保护技术代差 （指本企业使用的数据隐私保护技术落后，不足以抵抗外部技术干扰）,请您根据外部威胁的组成项目排列重要性（排在越前面表示该项目越重要）：①知识产权破坏 ②政策影响 ③隐私保护技术代差 ④数据跨境传输保护-④数据跨境传输保护（指本企业在数据的跨境传输过程中缺少安全评估和流程控制，采取的操作与国际认可的传输机制相矛盾；总之表现为本企业在数据跨境传输的安全保障不到位）,请您对平台风险与企业行为进行比较，选择哪一个更重要，并对相对重要性进行打分（1-9）(平台风险与企业行为，哪个因素对企业数据隐私风险更重要-请选择),请您对平台风险与企业行为进行比较，选择哪一个更重要，并对相对重要性进行打分（1-9）(平台风险与企业行为，哪个因素对企业数据隐私风险更重要-请为您选择的因素的相对重要性打分（您认为您所选择的因素越重要，该因素对应的分数应越高）),请您对平台风险与外部威胁两个因素进行比较，选择哪一个更重要，并对相对重要性进行打分（1-9）(平台风险与外部威胁，哪个因素对企业数据隐私风险更重要-请选择),请您对平台风险与外部威胁两个因素进行比较，选择哪一个更重要，并对相对重要性进行打分（1-9）(平台风险与外部威胁，哪个因素对企业数据隐私风险更重要-请为您选择的因素的相对重要性打分（您认为您所选择的因素越重要，该因素对应的分数应越高）),请您对企业行为与外部威胁两个因素进行比较，选择哪一个更重要，并对相对重要性进行打分（1-9）(企业行为与外部威胁，哪个因素对企业数据隐私风险更重要-请选择),请您对企业行为与外部威胁两个因素进行比较，选择哪一个更重要，并对相对重要性进行打分（1-9）(企业行为与外部威胁，哪个因素对企业数据隐私风险更重要-请为您选择的因素的相对重要性打分（您认为您所选择的因素越重要，该因素对应的分数应越高）),请您对信息系统缺陷与网络协议漏洞两个因素进行比较，选择哪一个更重要，并对相对重要性进行打分（1-9）(信息系统缺陷与网络协议漏洞，哪个因素对企业数据隐私风险更重要-请选择),请您对信息系统缺陷与网络协议漏洞两个因素进行比较，选择哪一个更重要，并对相对重要性进行打分（1-9）(信息系统缺陷与网络协议漏洞，哪个因素对企业数据隐私风险更重要-请为您选择的因素的相对重要性打分（您认为您所选择的因素越重要，该因素对应的分数应越高）),请您对信息系统缺陷与物理环境缺陷两个因素进行比较，选择哪一个更重要，并对相对重要性进行打分（1-9）(信息系统缺陷与物理环境缺陷，哪个因素对企业数据隐私风险更重要-请选择),请您对信息系统缺陷与物理环境缺陷两个因素进行比较，选择哪一个更重要，并对相对重要性进行打分（1-9）(信息系统缺陷与物理环境缺陷，哪个因素对企业数据隐私风险更重要-请为您选择的因素的相对重要性打分（您认为您所选择的因素越重要，该因素对应的分数应越高）),请您对信息系统缺陷与隐私安全设置两个因素进行比较，选择哪一个更重要，并对相对重要性进行打分（1-9）(信息系统缺陷与隐私安全设置，哪个因素对企业数据隐私风险更重要-请选择),请您对信息系统缺陷与隐私安全设置两个因素进行比较，选择哪一个更重要，并对相对重要性进行打分（1-9）(信息系统缺陷与隐私安全设置，哪个因素对企业数据隐私风险更重要-请为您选择的因素的相对重要性打分（您认为您所选择的因素越重要，该因素对应的分数应越高）),请您对信息系统缺陷与黑客窃取两个因素进行比较，选择哪一个更重要，并对相对重要性进行打分（1-9）(信息系统缺陷与黑客窃取，哪个因素对企业数据隐私风险更重要-请选择),请您对信息系统缺陷与黑客窃取两个因素进行比较，选择哪一个更重要，并对相对重要性进行打分（1-9）(信息系统缺陷与黑客窃取，哪个因素对企业数据隐私风险更重要-请为您选择的因素的相对重要性打分（您认为您所选择的因素越重要，该因素对应的分数应越高）),请您对网络协议漏洞与物理环境缺陷两个因素进行比较，选择哪一个更重要，并对相对重要性进行打分（1-9）(网络协议漏洞与物理环境缺陷，哪个因素对企业数据隐私风险更重要-请选择),请您对网络协议漏洞与物理环境缺陷两个因素进行比较，选择哪一个更重要，并对相对重要性进行打分（1-9）(网络协议漏洞与物理环境缺陷，哪个因素对企业数据隐私风险更重要-请为您选择的因素的相对重要性打分（您认为您所选择的因素越重要，该因素对应的分数应越高）),请您对网络协议漏洞与隐私安全设置两个因素进行比较，选择哪一个更重要，并对相对重要性进行打分（1-9）(网络协议漏洞与隐私安全设置，哪个因素对企业数据隐私风险更重要-请选择),请您对网络协议漏洞与隐私安全设置两个因素进行比较，选择哪一个更重要，并对相对重要性进行打分（1-9）(网络协议漏洞与隐私安全设置，哪个因素对企业数据隐私风险更重要-请为您选择的因素的相对重要性打分（您认为您所选择的因素越重要，该因素对应的分数应越高）),请您对网络协议漏洞与黑客窃取两个因素进行比较，选择哪一个更重要，并对相对重要性进行打分（1-9）(网络协议漏洞与黑客窃取，哪个因素对企业数据隐私风险更重要-请选择),请您对网络协议漏洞与黑客窃取两个因素进行比较，选择哪一个更重要，并对相对重要性进行打分（1-9）(网络协议漏洞与黑客窃取，哪个因素对企业数据隐私风险更重要-请为您选择的因素的相对重要性打分（您认为您所选择的因素越重要，该因素对应的分数应越高）),请您对物理环境缺陷与隐私安全设置两个因素进行比较，选择哪一个更重要，并对相对重要性进行打分（1-9）(物理环境缺陷与隐私安全设置，哪个因素对企业数据隐私风险更重要-请选择),请您对物理环境缺陷与隐私安全设置两个因素进行比较，选择哪一个更重要，并对相对重要性进行打分（1-9）(物理环境缺陷与隐私安全设置，哪个因素对企业数据隐私风险更重要-请为您选择的因素的相对重要性打分（您认为您所选择的因素越重要，该因素对应的分数应越高）),请您对物理环境缺陷与黑客窃取两个因素进行比较，选择哪一个更重要，并对相对重要性进行打分（1-9）(物理环境缺陷与黑客窃取，哪个因素对企业数据隐私风险更重要-请选择),请您对物理环境缺陷与黑客窃取两个因素进行比较，选择哪一个更重要，并对相对重要性进行打分（1-9）(物理环境缺陷与黑客窃取，哪个因素对企业数据隐私风险更重要-请为您选择的因素的相对重要性打分（您认为您所选择的因素越重要，该因素对应的分数应越高）),请您对隐私安全设置与黑客窃取两个因素进行比较，选择哪一个更重要，并对相对重要性进行打分（1-9）(隐私安全设置与黑客窃取，哪个因素对企业数据隐私风险更重要-请选择),请您对隐私安全设置与黑客窃取两个因素进行比较，选择哪一个更重要，并对相对重要性进行打分（1-9）(隐私安全设置与黑客窃取，哪个因素对企业数据隐私风险更重要-请为您选择的因素的相对重要性打分（您认为您所选择的因素越重要，该因素对应的分数应越高）),请您对数据隐私意识与数据隐私管理制度两个因素进行比较，选择哪一个更重要，并对相对重要性进行打分（1-9）(数据隐私意识与数据隐私管理制度，哪个因素对企业数据隐私风险更重要-请选择),请您对数据隐私意识与数据隐私管理制度两个因素进行比较，选择哪一个更重要，并对相对重要性进行打分（1-9）(数据隐私意识与数据隐私管理制度，哪个因素对企业数据隐私风险更重要-请为您选择的因素的相对重要性打分（您认为您所选择的因素越重要，该因素对应的分数应越高）),请您对数据隐私意识与信息保护行为疏忽两个因素进行比较，选择哪一个更重要，并对相对重要性进行打分（1-9）(数据隐私意识与信息保护行为疏忽，哪个因素对企业数据隐私风险更重要-请选择),请您对数据隐私意识与信息保护行为疏忽两个因素进行比较，选择哪一个更重要，并对相对重要性进行打分（1-9）(数据隐私意识与信息保护行为疏忽，哪个因素对企业数据隐私风险更重要-请为您选择的因素的相对重要性打分（您认为您所选择的因素越重要，该因素对应的分数应越高）),请您对数据隐私管理制度与信息保护行为疏忽两个因素进行比较，选择哪一个更重要，并对相对重要性进行打分（1-9）(数据隐私管理制度与信息保护行为疏忽，哪个因素对企业数据隐私风险更重要-请选择),请您对数据隐私管理制度与信息保护行为疏忽两个因素进行比较，选择哪一个更重要，并对相对重要性进行打分（1-9）(数据隐私管理制度与信息保护行为疏忽，哪个因素对企业数据隐私风险更重要-请为您选择的因素的相对重要性打分（您认为您所选择的因素越重要，该因素对应的分数应越高）),请您对知识产权破坏与政策影响两个因素进行比较，选择哪一个更重要，并对相对重要性进行打分（1-9）(知识产权破坏与政策影响，哪个因素对企业数据隐私风险更重要-请选择),请您对知识产权破坏与政策影响两个因素进行比较，选择哪一个更重要，并对相对重要性进行打分（1-9）(知识产权破坏与政策影响，哪个因素对企业数据隐私风险更重要-请为您选择的因素的相对重要性打分（您认为您所选择的因素越重要，该因素对应的分数应越高）),请您对知识产权破坏与隐私保护技术代差两个因素进行比较，选择哪一个更重要，并对相对重要性进行打分（1-9）(知识产权破坏与隐私保护技术代差，哪个因素对企业数据隐私风险更重要-请选择),请您对知识产权破坏与隐私保护技术代差两个因素进行比较，选择哪一个更重要，并对相对重要性进行打分（1-9）(知识产权破坏与隐私保护技术代差，哪个因素对企业数据隐私风险更重要-请为您选择的因素的相对重要性打分（您认为您所选择的因素越重要，该因素对应的分数应越高）),请您对知识产权破坏与数据跨境传输保护两个因素进行比较，选择哪一个更重要，并对相对重要性进行打分（1-9）(知识产权破坏与数据跨境传输保护，哪个因素对企业数据隐私风险更重要-请选择),请您对知识产权破坏与数据跨境传输保护两个因素进行比较，选择哪一个更重要，并对相对重要性进行打分（1-9）(知识产权破坏与数据跨境传输保护，哪个因素对企业数据隐私风险更重要-请为您选择的因素的相对重要性打分（您认为您所选择的因素越重要，该因素对应的分数应越高）),请您对政策影响与隐私保护技术代差两个因素进行比较，选择哪一个更重要，并对相对重要性进行打分（1-9）(政策影响与隐私保护技术代差，哪个因素对企业数据隐私风险更重要-请选择),请您对政策影响与隐私保护技术代差两个因素进行比较，选择哪一个更重要，并对相对重要性进行打分（1-9）(政策影响与隐私保护技术代差，哪个因素对企业数据隐私风险更重要-请为您选择的因素的相对重要性打分（您认为您所选择的因素越重要，该因素对应的分数应越高）),请您对政策影响与数据跨境传输保护两个因素进行比较，选择哪一个更重要，并对相对重要性进行打分（1-9）(政策影响与数据跨境传输保护，哪个因素对企业数据隐私风险更重要-请选择),请您对政策影响与数据跨境传输保护两个因素进行比较，选择哪一个更重要，并对相对重要性进行打分（1-9）(政策影响与数据跨境传输保护，哪个因素对企业数据隐私风险更重要-请为您选择的因素的相对重要性打分（您认为您所选择的因素越重要，该因素对应的分数应越高）),请您对隐私保护技术代差与数据跨境传输保护两个因素进行比较，选择哪一个更重要，并对相对重要性进行打分（1-9）(隐私保护技术代差与数据跨境传输保护，哪个因素对企业数据隐私风险更重要-请选择),请您对隐私保护技术代差与数据跨境传输保护两个因素进行比较，选择哪一个更重要，并对相对重要性进行打分（1-9）(隐私保护技术代差与数据跨境传输保护，哪个因素对企业数据隐私风险更重要-请为您选择的因素的相对重要性打分（您认为您所选择的因素越重要，该因素对应的分数应越高）),请您根据本企业的跨境业务实际情况，按照各阶段成熟度描述，选择本企业信息系统成熟度所处阶段。-信息系统处于哪个阶段？,请您根据本企业的跨境业务实际情况，按照各阶段成熟度描述，选择本企业网络通信协议成熟度所处阶段。-网络通信协议处于哪个阶段？,请您根据本企业的跨境业务实际情况，按照各阶段成熟度描述，选择本企业硬件设施物理环境成熟度所处阶段。-硬件设施物理环境处于哪个阶段？,请您根据本企业的跨境业务实际情况，按照各阶段成熟度描述，选择本企业平台隐私安全设置成熟度所处阶段。-平台隐私安全设置处于哪个阶段？,请您根据本企业的跨境业务实际情况，按照各阶段成熟度描述，选择本企业平台预防黑客窃取成熟度所处阶段。-平台预防黑客窃取处于哪个阶段？,请您根据本企业的跨境业务实际情况，按照各阶段成熟度描述，选择本企业数据隐私意识成熟度所处阶段。-数据隐私意识处于哪个阶段？,请您根据本企业的跨境业务实际情况，按照各阶段成熟度描述，选择本企业数据隐私管理制度成熟度所处阶段。-数据隐私管理制度处于哪个阶段？,请您根据本企业的跨境业务实际情况，按照各阶段成熟度描述，选择本企业信息保护行为成熟度所处阶段。-信息保护行为处于哪个阶段？,请您根据本企业的跨境业务实际情况，按照各阶段成熟度描述，选择本企业知识产权保护成熟度所处阶段。-知识产权保护处于哪个阶段？,请您根据本企业的跨境业务实际情况，按照各阶段成熟度描述，选择本企业应对政策影响成熟度所处阶段。-应对政策影响处于哪个阶段？,请您根据本企业的跨境业务实际情况，按照各阶段成熟度描述，选择本企业应对隐私保护技术代差成熟度所处阶段。-应对隐私保护技术代差处于哪个阶段？,请您根据本企业的跨境业务实际情况，按照各阶段成熟度描述，选择本企业数据跨境传输保护成熟度所处阶段。-数据跨境传输保护处于哪个阶段？
作答ID,用户ID,用户名,开始时间,结束时间,作答时长,作答渠道,发布ID,问卷发布名称,IP,经度,纬度,省份,城市,设备类型,操作系统类型,浏览器类型,随机元素,Q0,Q1,Q2,Q3,Q1,Q2,Q3,Q,Q4_1,Q4_2,Q4_3,Q4_4,Q4_4-文本,Q5,Q6,Q7,Q8,Q9_1,Q9_2,Q9_3,Q9_4,Q9_5,Q10_1,Q10_2,Q10_3,Q11_1,Q11_2,Q11_3,Q11_4,Q12_1_1,Q12_1_2,Q13_1_1,Q13_1_2,Q14_1_1,Q14_1_2,Q15_1_1,Q15_1_2,Q16_1_1,Q16_1_2,Q17_1_1,Q17_1_2,Q18_1_1,Q18_1_2,Q19_1_1,Q19_1_2,Q20_1_1,Q20_1_2,Q21_1_1,Q21_1_2,Q22_1_1,Q22_1_2,Q23_1_1,Q23_1_2,Q24_1_1,Q24_1_2,Q25_1_1,Q25_1_2,Q26_1_1,Q26_1_2,Q27_1_1,Q27_1_2,Q28_1_1,Q28_1_2,Q29_1_1,Q29_1_2,Q30_1_1,Q30_1_2,Q31_1_1,Q31_1_2,Q32_1_1,Q32_1_2,Q33_1_1,Q33_1_2,Q34_1,Q35_1,Q36_1,Q37_1,Q38_1,Q39_1,Q40_1,Q41_1,Q42_1,Q43_1,Q44_1,Q45_1
NBvjPADdy5Om,Ix5kDHdwIGUi,cdm****aumpQ,2020-10-23 20:45:32,2020-10-23 21:08:44,1392,数据集市,NNRFzy,问卷调查-1023,123.7.88.235,114.7556500,32.3417300,河南省,信阳市,COMPUTER,Windows,Chrome,,2,6,1,2,,,,4,1,1,1,0,,9,10,8,9,3,1,4,2,5,2,1,3,4,1,3,2,1,7,2,6,2,8,1,6,2,7,2,7,1,8,1,7,1,8,1,9,2,7,1,9,1,8,2,6,2,7,1,7,2,6,2,7,2,6,2,8,2,9,2,8,,,,,,,,,,,,
EfIEJTLty5IR,wbobP3B0Izal,cdm****RPluA,2020-10-23 20:27:14,2020-10-23 20:45:50,1116,数据集市,NNRFzy,问卷调查-1023,114.222.3.191,118.6384300,32.0756700,江苏省,南京市,COMPUTER,Windows,Chrome,,2,5,1,2,,,,4,1,1,1,0,,6,7,7,8,1,5,4,3,2,1,2,3,1,4,2,3,2,7,1,6,2,5,2,6,2,5,1,7,2,5,1,7,2,6,1,6,1,6,1,5,1,7,2,7,1,6,1,5,2,5,1,6,2,6,2,7,1,6,1,6,,,,,,,,,,,,
bjpojCsjy5In,L67aD0CaDt65,cdm****xsI8D,2020-10-23 20:34:04,2020-10-23 20:44:13,609,数据集市,NNRFzy,问卷调查-1023,117.136.32.26,110.3589400,21.2713400,广东省,湛江市,MOBILE,Android,weixin,,2,3,1,3,,,,4,1,1,0,0,,7,8,7,8,1,2,4,5,3,1,3,2,1,4,2,3,2,7,2,6,1,7,1,5,2,5,1,5,2,5,2,5,1,5,2,5,1,5,2,8,1,8,1,6,2,6,2,7,1,6,2,5,2,7,2,6,1,6,2,6,,,,,,,,,,,,
3bC9a80xy5Ib,ejWwVK5hFuoE,cdm****rasg2,2020-10-23 20:34:33,2020-10-23 20:44:10,577,数据集市,NNRFzy,问卷调查-1023,10.96.218.145,0.0000000,0.0000000,,,COMPUTER,Windows,Chrome,,2,6,1,3,,,,4,1,1,1,0,,7,8,8,7,1,2,4,3,5,1,3,2,1,4,2,3,2,6,1,6,2,6,1,5,2,6,2,6,1,6,1,7,2,7,1,7,1,6,2,6,1,7,2,7,2,5,1,7,2,5,1,6,1,8,2,6,1,5,1,6,,,,,,,,,,,,
CIFBNMPiy5Uv,2vUbp0CYzEbj,cdm****8qxhY,2020-10-23 20:15:48,2020-10-23 20:27:41,713,数据集市,NNRFzy,问卷调查-1023,36.63.204.159,121.6242690,29.8604240,浙江省,宁波市,MOBILE,Android,weixin,,2,11,1,2,,,,4,1,1,1,0,,9,9,8,8,1,4,2,3,5,2,3,1,2,1,4,3,1,8,2,8,2,8,1,8,1,8,1,8,1,8,1,8,1,9,1,8,1,8,1,8,1,7,2,8,1,7,2,8,1,8,2,8,2,7,2,7,2,8,2,8,,,,,,,,,,,,
dpojckbgy5YF,NKh9aNKq17ty,樱**菊子,2020-10-23 20:08:18,2020-10-23 20:20:04,706,数据集市,NNRFzy,问卷调查-1023,101.86.50.23,121.3869540,31.1918520,上海,上海市,MOBILE,Android,weixin,,2,5,1,2,,,,4,1,1,1,0,,9,10,10,10,2,4,1,3,5,2,3,1,3,2,4,1,2,9,1,9,1,9,1,9,2,9,1,9,2,9,1,9,1,9,1,9,1,9,1,9,1,9,2,9,2,9,1,9,1,9,1,9,2,9,1,9,2,9,2,9,,,,,,,,,,,,
fhXb3l1Fy5TI,bpMLjSmzmsz5,cdm****zOIQC,2020-10-23 20:03:26,2020-10-23 20:13:33,607,数据集市,NNRFzy,问卷调查-1023,183.186.228.80,111.7790300,37.1453400,山西省,吕梁市,MOBILE,iOS,weixin,,2,11,1,3,,,,4,1,1,1,0,,8,10,8,7,1,2,5,4,3,2,1,3,2,1,3,4,2,8,1,7,1,8,1,8,1,7,2,7,1,9,2,7,2,7,1,7,1,8,2,8,1,7,1,8,1,8,1,7,2,8,1,8,1,8,1,7,1,8,1,8,,,,,,,,,,,,
gSCkfuBty5Tk,3kbCsKe6zfSt,c**毛毛,2020-10-23 20:00:04,2020-10-23 20:11:18,674,数据集市,NNRFzy,问卷调查-1023,223.10.131.6,112.7461900,38.4042900,山西省,忻州市,MOBILE,Android,weixin,,2,7,1,1,,,,4,1,1,0,0,,7,8,7,9,2,1,5,3,4,3,1,2,4,3,1,2,2,7,1,6,1,8,1,8,1,7,1,7,1,7,1,8,1,6,1,6,2,6,2,7,1,8,1,7,1,6,2,7,1,6,2,6,1,9,2,7,2,7,1,7,,,,,,,,,,,,
3Y0Riuwpyeqx,bwBqweSI2aKy,cdm****ZAokR,2020-10-26 15:45:54,2020-10-26 15:59:14,800,数据集市,NNRFzy,问卷调查.1026,220.189.67.159,120.5249000,30.5809960,浙江省,嘉兴市,MOBILE,Android,weixin,,2,3,1,3,,,,4,1,1,1,0,,10,9,7,9,3,1,2,4,5,1,2,3,1,2,3,4,1,9,1,8,1,4,1,8,2,6,1,1,1,1,1,7,1,6,2,6,1,1,1,1,2,7,2,6,1,6,1,7,2,7,1,9,2,7,1,1,1,8,1,6,,,,,,,,,,,,
qO3bhDEaye0j,oLBxlcFsHB42,浪*个浪,2020-10-26 15:21:19,2020-10-26 15:30:49,570,微信,NNRFzy,问卷调查.1026,117.136.31.54,113.2662700,23.1317100,广东省,广东省,MOBILE,Android,weixin,,2,11,1,1,,,,4,1,1,1,0,,9,10,9,8,1,2,5,4,3,2,1,3,2,3,4,1,2,9,1,8,1,9,1,9,1,8,1,9,1,9,1,8,2,8,2,7,2,6,2,6,1,6,2,9,1,8,1,9,1,9,2,8,2,9,1,7,2,9,2,9,,,,,,,,,,,,
x1w8jw3YywMA,cTxa6bhQpwAo,一**唱歌 ,2020-10-26 15:14:21,2020-10-26 15:26:05,704,数据集市,NNRFzy,问卷调查.1026,42.102.225.193,126.6628500,45.7420800,黑龙江省,黑龙江省,MOBILE,Android,weixin,,2,3,1,2,,,,4,1,1,1,0,,8,7,8,9,2,3,4,1,5,2,1,3,4,3,1,2,2,7,2,6,2,6,1,6,1,7,2,8,2,6,2,7,2,7,1,6,2,8,1,6,1,6,2,6,1,7,1,7,1,7,2,6,2,6,2,7,2,7,2,6,,,,,,,,,,,,
QKi5iTVdywMT,NrqFBQ0yojcw,cdm****mBEZq,2020-10-26 15:13:15,2020-10-26 15:25:22,727,数据集市,NNRFzy,问卷调查.1026,111.25.39.9,125.3432200,43.8814500,吉林省,长春市,COMPUTER,Windows,Chrome,,2,5,1,1,,,,4,1,1,1,0,,8,7,10,7,4,5,2,1,3,2,1,3,2,3,1,4,2,7,2,7,2,8,2,6,1,7,2,7,2,8,1,6,2,7,2,6,2,7,2,6,1,6,2,6,1,7,1,7,2,7,2,8,1,6,2,7,2,8,1,9,,,,,,,,,,,,
5UaVQCBeywMQ,RFEiNI9juGyQ,**,2020-10-26 15:16:19,2020-10-26 15:24:47,508,数据集市,NNRFzy,问卷调查.1026,211.140.194.191,121.7701540,39.0566350,辽宁省,大连市,MOBILE,Android,weixin,,2,11,1,1,,,,4,1,1,1,0,,7,5,8,6,1,2,3,5,4,2,3,1,3,4,2,1,1,6,1,7,2,5,2,9,1,6,1,7,2,8,1,7,2,9,2,8,2,7,2,9,2,9,2,9,1,9,1,9,1,9,1,7,2,8,2,9,2,9,2,9,,,,,,,,,,,,
ccRy0r0aywMj,JuXfIW47ywDa,莽昆***ིྀ,2020-10-26 15:11:24,2020-10-26 15:23:28,724,微信,NNRFzy,问卷调查.1026,120.243.29.19,116.5232400,31.7348800,安徽省,六安市,MOBILE,iOS,weixin,,2,7,1,1,,,,4,1,1,1,0,,10,10,9,9,4,1,5,2,3,2,1,3,3,4,2,1,2,8,1,7,2,9,2,9,1,8,1,8,2,9,1,8,2,8,1,9,2,9,1,8,2,9,2,9,2,9,1,9,1,9,2,9,2,9,2,9,2,8,2,8,,,,,,,,,,,,
bFEfAQFLywMs,9UlMAveE5pI0,_愿你****不走的爱人,2020-10-26 15:11:42,2020-10-26 15:22:55,673,微信,NNRFzy,问卷调查.1026,106.47.81.218,117.2221320,39.0930940,天津,天津市,MOBILE,iOS,weixin,,2,3,1,1,,,,4,1,0,1,0,,8,8,6,8,1,2,4,3,5,1,2,3,1,2,4,3,1,4,2,3,2,3,1,3,1,4,2,4,2,3,1,4,1,5,1,4,1,1,1,1,1,3,1,4,1,5,1,4,1,4,2,3,2,3,1,4,1,3,1,3,,,,,,,,,,,,
yVSkCaQGywM9,iaaQ1PKmbMVy,cdm****v5vyA,2020-10-26 15:11:22,2020-10-26 15:20:32,550,微信,NNRFzy,问卷调查.1026,223.104.65.50,113.2662700,23.1317100,广东省,广东省,MOBILE,Android,weixin,,2,5,1,3,,,,4,1,1,1,0,,7,8,7,8,1,4,3,2,5,3,2,1,1,3,2,4,1,5,2,6,2,7,1,6,2,6,2,5,2,6,2,6,2,6,2,5,2,6,1,8,2,7,1,6,1,5,2,7,1,6,2,5,2,7,2,6,1,5,2,6,,,,,,,,,,,,
2beoKs6WywNM,rA8CNnA6avkI,cdm****OdgbN,2020-10-26 15:09:29,2020-10-26 15:19:01,572,数据集市,NNRFzy,问卷调查.1026,10.96.196.150,110.3879270,21.2704680,,,MOBILE,Android,weixin,,2,7,1,3,,,,4,1,1,1,0,,7,8,7,9,1,4,3,2,5,1,3,2,3,2,1,4,1,6,2,5,2,6,2,8,2,6,1,5,2,6,2,7,2,6,1,7,2,7,1,6,2,7,1,7,2,8,1,8,2,6,1,6,2,7,2,7,1,6,2,5,,,,,,,,,,,,
G1kTWeoKywV6,4Pcuh2a1P8yK,吴*彬,2020-10-26 14:54:59,2020-10-26 15:02:49,470,数据集市,NNRFzy,问卷调查.1026,61.164.101.202,121.1150300,28.2416220,浙江省,温州市,MOBILE,iOS,weixin,,2,11,1,3,,,,4,1,1,1,0,,8,9,8,8,1,2,4,3,5,1,2,3,1,2,3,4,2,7,2,8,2,8,2,7,2,8,2,8,1,8,2,8,2,8,1,8,2,8,1,8,1,8,2,7,2,6,2,8,2,7,2,7,2,8,1,8,2,7,2,7,,,,,,,,,,,,
ZwwLSaz3ywCK,mBnbkUesQMfg,cdm****Mxa42,2020-10-26 14:49:08,2020-10-26 15:02:09,781,微信,NNRFzy,问卷调查.1026,113.26.39.23,111.7972200,37.1519170,山西省,吕梁市,MOBILE,Android,weixin,,2,7,1,3,,,,4,1,1,1,0,,9,8,9,9,1,3,5,4,2,1,2,3,1,3,4,2,2,7,2,8,1,8,1,7,2,7,2,9,2,8,1,7,2,9,2,7,2,8,2,7,1,7,2,9,2,7,1,8,1,8,2,8,1,8,2,8,1,8,1,8,,,,,,,,,,,,
VSf4lXDyywZU,3jJdazEQrxZ2,cdm****W7sCO,2020-10-26 14:41:50,2020-10-26 14:54:39,769,数据集市,NNRFzy,问卷调查.1026,223.104.177.53,121.6147600,38.9136900,辽宁省,大连市,MOBILE,Android,weixin,,2,5,1,4,,,,4,1,1,1,0,,6,7,6,7,1,2,5,4,3,1,3,2,2,4,3,1,1,7,2,6,1,7,1,6,2,5,1,6,2,7,1,7,2,5,1,6,1,6,2,6,1,7,1,6,2,7,1,6,1,6,2,5,2,6,2,6,2,5,1,6,,,,,,,,,,,,
Or12ZBoOywZT,IWxwlMxRUltl,初*,2020-10-26 14:40:52,2020-10-26 14:54:19,807,数据集市,NNRFzy,问卷调查.1026,42.225.41.226,113.9974400,33.0201070,河南省,驻马店市,MOBILE,Android,weixin,,2,6,1,1,,,,4,0,1,1,0,,8,7,8,6,4,1,2,5,3,1,2,3,1,3,2,4,1,7,1,8,1,8,2,9,1,7,2,6,1,8,1,9,1,9,1,9,2,7,2,7,1,7,2,6,2,8,2,9,1,7,2,8,2,9,2,9,2,8,1,8,,,,,,,,,,,,
w4bAjPJEywZc,Myr1KOwyyyw2,cdm****ruZ6L,2020-10-26 14:40:24,2020-10-26 14:53:54,810,数据集市,NNRFzy,问卷调查.1026,223.214.145.187,116.9772800,33.6400400,安徽省,宿州市,MOBILE,iOS,weixin,,2,5,1,2,,,,4,1,1,0,0,,8,9,7,8,2,3,1,4,5,2,1,3,3,1,2,4,2,6,1,7,2,8,2,5,1,6,2,5,1,7,1,4,2,5,1,7,2,7,2,6,1,6,1,6,2,8,2,7,2,6,2,5,2,4,2,8,1,6,2,7,,,,,,,,,,,,
tvRVlDXcywZv,h32Ix0On2ypB,听*,2020-10-26 14:44:13,2020-10-26 14:53:55,582,数据集市,NNRFzy,问卷调查.1026,36.161.85.128,118.3386600,29.7151700,安徽省,黄山市,MOBILE,Android,weixin,,2,6,1,2,,,,4,1,1,1,0,,9,9,8,9,1,3,2,4,5,2,1,3,3,4,2,1,1,8,1,8,2,8,1,9,2,8,2,8,2,9,1,9,2,8,1,9,1,8,1,8,2,8,2,8,2,9,1,8,1,8,2,9,2,8,2,9,2,8,1,9,,,,,,,,,,,,
IbbHbMQPywZz,8DOeaPs22ydG,小*包,2020-10-26 14:44:44,2020-10-26 14:53:50,546,数据集市,NNRFzy,问卷调查.1026,36.60.210.36,117.2856500,31.8615700,安徽省,安徽省,MOBILE,Android,weixin,,2,11,1,3,,,,4,1,1,1,0,,10,10,9,9,1,3,2,4,5,3,1,2,4,1,3,2,1,7,1,9,2,9,2,9,2,8,2,9,2,9,1,8,2,8,1,8,1,9,2,9,1,9,2,9,2,9,1,8,1,9,2,9,2,8,2,9,2,9,1,9,,,,,,,,,,,,
FSzv4neXywZ6,lnIdAWwGbS7j,m**n,2020-10-26 14:41:50,2020-10-26 14:52:22,632,数据集市,NNRFzy,问卷调查.1026,116.27.133.199,113.1037700,22.5913300,广东省,江门市,COMPUTER,Windows,weixin,,2,6,1,1,,,,4,1,1,1,0,,8,7,9,8,1,4,5,2,3,1,2,3,3,1,4,2,1,6,2,8,1,9,1,9,1,9,1,7,2,8,2,7,2,8,2,9,2,8,2,7,2,8,2,8,2,6,1,9,1,6,2,9,1,8,2,8,1,7,1,9,,,,,,,,,,,,
AouGyHadywZ2,ojOGx6ZRrYJf,s**le,2020-10-26 14:44:03,2020-10-26 14:52:11,488,数据集市,NNRFzy,问卷调查.1026,106.33.101.2,113.6607200,34.7997700,河南省,郑州市,MOBILE,Android,weixin,,2,6,1,1,,,,4,1,1,1,0,,9,7,9,9,3,1,2,4,5,2,1,3,3,1,2,4,2,8,2,7,2,7,1,9,1,7,1,8,1,6,2,7,1,8,1,7,1,8,1,6,1,7,2,7,2,8,1,7,1,6,2,8,2,9,1,7,2,8,2,7,,,,,,,,,,,,
jhRam1pmywLX,Amb5bpzjtcDz,cdm****s9JbN,2020-10-26 14:42:23,2020-10-26 14:51:24,541,数据集市,NNRFzy,问卷调查.1026,10.132.40.201,125.2651530,43.8932630,海南省,,MOBILE,Android,weixin,,2,7,1,1,,,,4,1,1,1,0,,8,8,9,10,1,2,5,4,3,1,2,3,1,2,3,4,2,4,2,8,2,8,1,9,2,7,2,5,2,9,1,5,1,9,1,7,1,5,2,5,2,5,1,5,2,9,2,5,2,3,2,6,1,5,1,7,2,8,2,8,,,,,,,,,,,,
Ia1cc0saywLE,BozItaxlG50G,꧁**恋༻꧂,2020-10-26 14:40:07,2020-10-26 14:50:17,610,数据集市,NNRFzy,问卷调查.1026,111.37.159.53,122.3390240,36.8870920,山东省,威海市,MOBILE,Android,weixin,,2,11,1,1,,,,4,1,1,1,0,,8,7,7,7,5,4,1,3,2,2,1,3,4,1,3,2,2,6,1,7,2,6,2,6,1,5,2,7,2,7,1,5,2,7,2,5,2,7,2,8,2,6,2,5,2,6,1,6,2,6,1,5,2,6,2,8,2,6,2,6,,,,,,,,,,,,
E8d7jUEhywLn,5XMH8rzv9Od9,cdm****JnBiu,2020-10-26 14:40:35,2020-10-26 14:50:05,570,数据集市,NNRFzy,问卷调查.1026,120.208.211.195,112.7269740,38.4543180,山西省,忻州市,MOBILE,Android,weixin,,2,3,1,1,,,,4,1,1,1,0,,6,7,7,7,4,1,2,3,5,2,1,3,2,1,3,4,1,5,2,3,1,6,1,5,2,4,1,5,1,4,1,5,1,4,2,5,2,4,1,5,1,6,1,4,2,3,1,5,1,5,2,4,2,5,1,4,1,7,1,6,,,,,,,,,,,,
dYc56vEqywLx,5iYZeYPEbqRR,峰*格』,2020-10-26 14:40:17,2020-10-26 14:49:52,575,数据集市,NNRFzy,问卷调查.1026,61.140.211.149,113.6339700,23.1277400,广东省,广州市,MOBILE,iOS,weixin,,2,6,1,4,,,,4,1,1,1,0,,10,7,9,8,3,1,2,5,4,3,2,1,3,2,4,1,2,9,2,9,1,9,2,8,2,9,1,8,1,7,2,8,1,9,1,7,2,7,2,6,2,8,2,7,2,9,2,8,1,8,2,9,1,9,2,8,2,8,2,8,,,,,,,,,,,,
WJb9zrg4ywLf,fcuD1guvgQ27,毅*运,2020-10-26 14:41:09,2020-10-26 14:49:24,495,数据集市,NNRFzy,问卷调查.1026,117.136.5.72,123.4292500,41.8357100,辽宁省,辽宁省,MOBILE,Android,weixin,,2,5,1,1,,,,4,1,1,0,0,,6,8,6,8,3,1,4,2,5,1,3,2,1,3,2,4,2,3,1,8,2,9,2,9,1,8,2,7,2,9,1,7,2,7,1,9,2,6,2,5,2,6,2,7,2,7,2,9,2,5,2,9,2,8,2,9,2,9,1,9,,,,,,,,,,,,
bsktTcskywLu,LopWCok7faTv,小*,2020-10-26 14:39:36,2020-10-26 14:48:28,532,数据集市,NNRFzy,问卷调查.1026,117.136.105.133,113.6249300,34.7472500,河南省,郑州市,MOBILE,iOS,weixin,,2,6,1,2,,,,4,1,1,1,0,,8,5,8,7,1,2,4,3,5,1,3,2,1,4,3,2,2,5,2,7,2,8,2,4,2,8,1,5,2,9,2,5,2,6,2,7,2,7,2,6,2,8,2,6,2,6,2,5,2,8,2,8,2,5,2,7,2,7,2,8,,,,,,,,,,,,
krCmVPhtywZJ,96XGZCcIfjxa,cdm****rVeR4,2020-10-26 14:40:22,2020-10-26 14:55:14,892,数据集市,NNRFzy,问卷调查.1026,112.45.54.37,106.1107300,30.8373100,四川省,南充市,MOBILE,iOS,weixin,,2,5,1,3,,,,4,1,1,1,0,,9,8,7,9,1,2,3,2,5,2,3,2,3,2,2,4,2,6,2,8,2,6,2,9,2,6,1,5,2,6,2,7,2,8,1,7,2,7,1,6,2,7,1,9,2,8,1,9,2,6,1,6,2,5,2,4,1,6,2,9,,,,,,,,,,,,
cn7HlbU4ywZO,rqL2Sm9PtyrF,cdm****Blhl0,2020-10-26 14:39:53,2020-10-26 14:54:48,895,数据集市,NNRFzy,问卷调查.1026,223.104.160.1,120.1536000,30.2655500,浙江省,浙江省,MOBILE,iOS,weixin,,2,7,1,3,,,,4,1,1,1,0,,10,7,7,10,3,1,5,4,4,1,2,3,1,2,2,4,1,5,1,8,1,7,1,8,2,8,1,9,1,8,1,7,1,4,2,9,1,5,1,5,2,7,2,6,2,6,1,7,2,8,1,5,2,8,1,7,1,8,1,6,,,,,,,,,,,,
1xalvDTsywZW,mAOt6QgTH9Om,廖*藤,2020-10-26 14:39:31,2020-10-26 14:54:12,881,数据集市,NNRFzy,问卷调查.1026,112.96.180.118,113.2662700,23.1317100,广东省,广东省,MOBILE,iOS,weixin,,2,7,1,1,,,,4,1,1,1,0,,6,7,7,8,1,5,4,3,2,1,2,3,1,4,2,3,2,7,1,6,2,5,2,6,2,5,1,7,2,5,1,7,2,6,1,6,1,6,1,5,1,7,2,7,1,6,1,5,2,5,1,6,2,6,2,7,1,6,1,6,,,,,,,,,,,,
